2026-09-16T11:18:13;12;188
2026-09-16T11:23:38;12;188
2026-09-16T11:29:35;12;188
2026-09-17T06:00:03;12;196
2026-09-18T06:00:04;12;198
2026-09-19T06:00:03;12;199
2026-09-20T06:00:03;12;201
2026-09-21T06:00:04;12;204
2026-09-22T13:00:03;12;205
2026-09-23T13:00:03;12;205
2026-09-24T06:00:02;12;207
2026-09-25T06:00:03;12;218
2026-09-26T06:00:03;12;224
2026-09-27T06:00:03;12;240
2026-09-28T06:00:03;12;259
2026-09-29T06:00:04;12;268
2026-09-30T06:00:05;12;280
2026-10-01T06:00:03;12;294
2026-10-02T06:00:03;12;307
2026-10-03T06:00:02;12;315
2026-10-04T06:00:03;12;336
2026-10-05T06:00:03;12;342
2026-10-06T06:00:03;12;349
